Metric,Method,Estimate,95CI_low,95CI_high,Display
Overall accuracy,CNN Only,0.6346153846153846,0.538810164089419,0.7208302405026132,63.46% (53.88-72.08)
Overall accuracy,Tympanometry Only,0.5480769230769231,0.4524179018768031,0.6403108140489229,54.81% (45.24-64.03)
Overall accuracy,Hybrid,0.8173076923076923,0.7322037581041858,0.8798057670056043,81.73% (73.22-87.98)
Paired accuracy improvement,Hybrid minus CNN,0.18269230769230768,0.11538461538461539,0.27427884615384607,18.27% (11.54-27.43)
